{
  "project_info": {
    "project_number": "147876660699",
    "project_id": "angkringan-54c2b",
    "storage_bucket": "angkringan-54c2b.appspot.com"
  },
  "client": [
    {
      "client_info": {
        "mobilesdk_app_id": "1:147876660699:android:e24d00334140a1951413fe",
        "android_client_info": {
          "package_name": "com.example.aplikasipesanmakanan"
        }
      },
      "oauth_client": [],
      "api_key": [
        {
          "current_key": "AIzaSyBy1oCV35shrmXgxHM40pEN6SsrMaAk458"
        }
      ],
      "services": {
        "appinvite_service": {
          "other_platform_oauth_client": []
        }
      }
    }
  ],
  "configuration_version": "1"
}